path,origin,sha256,bytes,status
01-Logos/Current-app/time-tapestry-lockup.svg,public/brand/time-tapestry-lockup.svg,7dc21560f4b16e81ca1909555eb668626e10aa8b00d2ce4061ebb2e60823c40b,10003,current-app-export
01-Logos/Current-app/time-tapestry-lockup.png,public/brand/time-tapestry-lockup.png,8c25d7d7024b98d8fe8acea697fbf8e5f51ea611e4f95903a7faf3a346d83c4e,33247,current-app-export
01-Logos/Current-app/time-tapestry-lockup-light.svg,public/brand/time-tapestry-lockup-light.svg,5c7c202ac0892918a800c7e5d6f73e9d5d48fb699354a6e37e556258b9c11426,10003,current-app-export
01-Logos/Current-app/time-tapestry-lockup-light.png,public/brand/time-tapestry-lockup-light.png,22bb9ad35b6729ac10b26bf1adde5be36a2131580b9b39c1f3d5ca06f737ff86,26373,current-app-export
01-Logos/Current-app/time-tapestry-mark.svg,public/brand/time-tapestry-mark.svg,423ca29bc4aa51a15d47e9e8d9d69f00735890aa59e5f1d703d21fd697297a01,770,current-app-export
01-Logos/Current-app/time-tapestry-mark.png,public/brand/time-tapestry-mark.png,56f5c835647a6e86eb500ca94bdbc374a4f31ed55ddf8f76b18d4c882c99521d,12810,current-app-export
01-Logos/Current-app/time-tapestry-mark-light.svg,public/brand/time-tapestry-mark-light.svg,db059136f800255c64de5efddde3befe10d813f3cf16cc4d704d8a8c24dc125e,770,current-app-export
01-Logos/Current-app/time-tapestry-mark-light.png,public/brand/time-tapestry-mark-light.png,60e6ba273740a8e791b0c2a51aca8b393dffb03f31a7f7f6f17225ae662b743c,9848,current-app-export
01-Logos/Current-app/time-tapestry-wordmark.svg,public/brand/time-tapestry-wordmark.svg,3633ff6f3ca156b64b825b169f9e7f926102227bb73aa377d1b0a37d51171dce,9279,current-app-export
01-Logos/Current-app/time-tapestry-wordmark.png,public/brand/time-tapestry-wordmark.png,0a41e4e26c177a21ae9e578b26c00119086946742b74c989b2d8599b3344d9f3,41168,current-app-export
01-Logos/Current-app/time-tapestry-wordmark-light.svg,public/brand/time-tapestry-wordmark-light.svg,3a95e7816ae4e372eed1fc8a02a7915375c776153d4925d8c1d701f571c049f0,9279,current-app-export
01-Logos/Current-app/time-tapestry-wordmark-light.png,public/brand/time-tapestry-wordmark-light.png,12e21c294b9d899eedb6e3a31514ec317a7618a80ac7196f89a7c44a124add95,32501,current-app-export
01-Logos/Current-app/README.md,Designer handoff note created 2026-10-06,583ef366214b0c74c722b887711f4c7d2308fcda8dc2107ee651268451a20875,809,handoff-instructions
01-Logos/Extended-v39-reference/logos/time-tapestry-primary-espresso_v39.png,docs/handoff/brand/kit-v39/assets/logos/time-tapestry-primary-espresso_v39.png,63319183d9c5c288f95688f82fb0d776b41b3f9b91a6cc63f19ca3b3d6f3626d,42954,historical-v39-reference
01-Logos/Extended-v39-reference/logos/time-tapestry-primary-espresso_v39.svg,docs/handoff/brand/kit-v39/assets/logos/time-tapestry-primary-espresso_v39.svg,59ac62fe4407d7f2bf79c2f2b99a87ef28725a2696234d0450bf171576aca21c,37256,historical-v39-reference
01-Logos/Extended-v39-reference/logos/time-tapestry-primary-moss_v39.png,docs/handoff/brand/kit-v39/assets/logos/time-tapestry-primary-moss_v39.png,81aee19c7c13df411e237930b65b59f1be8dc6c49fcf0fc4f381a1fce73a0615,42688,historical-v39-reference
01-Logos/Extended-v39-reference/logos/time-tapestry-primary-moss_v39.svg,docs/handoff/brand/kit-v39/assets/logos/time-tapestry-primary-moss_v39.svg,f5322196c7e71d8abb3a60b9f03a88184c7e0b92952e487fad9a096a0714c5eb,37256,historical-v39-reference
01-Logos/Extended-v39-reference/logos/time-tapestry-primary-peach_v39.png,docs/handoff/brand/kit-v39/assets/logos/time-tapestry-primary-peach_v39.png,233390e0f53ef5aa86dc814d6e31c8d4a480d7f8ced1b9971820fde93c2adaf4,41271,historical-v39-reference
01-Logos/Extended-v39-reference/logos/time-tapestry-primary-peach_v39.svg,docs/handoff/brand/kit-v39/assets/logos/time-tapestry-primary-peach_v39.svg,79d4cfab8ae836b83834b4c203ae6aa3d8c6943f62de3b65e958e676f46feb61,37256,historical-v39-reference
01-Logos/Extended-v39-reference/logos/time-tapestry-primary-walnut_v39.png,docs/handoff/brand/kit-v39/assets/logos/time-tapestry-primary-walnut_v39.png,5896f9c1ea4fb6c30c3f1845ee2922c2b804e925b1ea1d21fadf4f1995c756de,42424,historical-v39-reference
01-Logos/Extended-v39-reference/logos/time-tapestry-primary-walnut_v39.svg,docs/handoff/brand/kit-v39/assets/logos/time-tapestry-primary-walnut_v39.svg,c0cc3ccc68b6cb4974d5f6ef59b123d6f41a398eceadf75330b01124856f9062,37256,historical-v39-reference
01-Logos/Extended-v39-reference/logos/time-tapestry-primary-white_v39.png,docs/handoff/brand/kit-v39/assets/logos/time-tapestry-primary-white_v39.png,4191e26c9339ffd15a18fd9594aba88117ddeb93850b448ba5ac9b85e2f2dbf2,39471,historical-v39-reference
01-Logos/Extended-v39-reference/logos/time-tapestry-primary-white_v39.svg,docs/handoff/brand/kit-v39/assets/logos/time-tapestry-primary-white_v39.svg,80fdfe68ed5f2f7aad0afe977dcfc49c7fbb78f72bfc6d8ca50a147d6fe6b888,37256,historical-v39-reference
01-Logos/Extended-v39-reference/logos/tt-icon-espresso_v39.png,docs/handoff/brand/kit-v39/assets/logos/tt-icon-espresso_v39.png,3e43af2c0efaeb01d431a34ecaeb97c3319e9e1196ec98619b7e0e92b3756302,29029,historical-v39-reference
01-Logos/Extended-v39-reference/logos/tt-icon-espresso_v39.svg,docs/handoff/brand/kit-v39/assets/logos/tt-icon-espresso_v39.svg,b24cfc35e74f2947b510759fb01097440f628561f3d9987b8c881099e795ee53,8176,historical-v39-reference
01-Logos/Extended-v39-reference/logos/tt-icon-moss_v39.png,docs/handoff/brand/kit-v39/assets/logos/tt-icon-moss_v39.png,5edc9f63b6eb626ee306cc72e122e185e121405037c440f26d3ae4190c4bc437,28846,historical-v39-reference
01-Logos/Extended-v39-reference/logos/tt-icon-moss_v39.svg,docs/handoff/brand/kit-v39/assets/logos/tt-icon-moss_v39.svg,c4fa3b37b7bf597610b629071e1789206a7124cab0f07ae0ed4df984ef32c6b2,8176,historical-v39-reference
01-Logos/Extended-v39-reference/logos/tt-icon-peach_v39.png,docs/handoff/brand/kit-v39/assets/logos/tt-icon-peach_v39.png,b383a785e4431a14d62c1659ab55cb08802382deeb81b95eebc59c12d529f4b2,28147,historical-v39-reference
01-Logos/Extended-v39-reference/logos/tt-icon-peach_v39.svg,docs/handoff/brand/kit-v39/assets/logos/tt-icon-peach_v39.svg,32e9d366ac5ce29325bdd39268ba36965c3f6f6ae3069b58c70d6801797eece3,8176,historical-v39-reference
01-Logos/Extended-v39-reference/logos/tt-icon-walnut_v39.png,docs/handoff/brand/kit-v39/assets/logos/tt-icon-walnut_v39.png,d0d100af61b71a0b9a587145672981cefa712b5e35befa9b83dfc602f28c768d,28928,historical-v39-reference
01-Logos/Extended-v39-reference/logos/tt-icon-walnut_v39.svg,docs/handoff/brand/kit-v39/assets/logos/tt-icon-walnut_v39.svg,335ccb0808c65dee2e989788ff1ab72280cc0dcddd05f23cb07015392bccecf4,8176,historical-v39-reference
01-Logos/Extended-v39-reference/logos/tt-icon-white_v39.png,docs/handoff/brand/kit-v39/assets/logos/tt-icon-white_v39.png,7f600765a2946fde561578828c58221a3e0c5374eaf84a6e35712cbf1e2c6cf4,26926,historical-v39-reference
01-Logos/Extended-v39-reference/logos/tt-icon-white_v39.svg,docs/handoff/brand/kit-v39/assets/logos/tt-icon-white_v39.svg,05e575d824d2cc6baf0eb6fc4f8776850994f067440ca3046d241cebc3324a54,8176,historical-v39-reference
01-Logos/Extended-v39-reference/wordmarks/time-tapestry-stacked-espresso_v39.png,docs/handoff/brand/kit-v39/assets/wordmarks/time-tapestry-stacked-espresso_v39.png,fdb1bced37f442613256d2cbd473bfeb0708c6e3bd86e01b7692eb691d308ea9,25682,historical-v39-reference
01-Logos/Extended-v39-reference/wordmarks/time-tapestry-stacked-espresso_v39.svg,docs/handoff/brand/kit-v39/assets/wordmarks/time-tapestry-stacked-espresso_v39.svg,720747d1bc32ed5168cb16c9e341b6f3a782716c4d309c8f200a11c668dccc46,8603,historical-v39-reference
01-Logos/Extended-v39-reference/wordmarks/time-tapestry-stacked-moss_v39.png,docs/handoff/brand/kit-v39/assets/wordmarks/time-tapestry-stacked-moss_v39.png,429ff80c1530ac3e6812b0a8e6ee48c477cbd06b128916b9c58431069b8f86b7,25508,historical-v39-reference
01-Logos/Extended-v39-reference/wordmarks/time-tapestry-stacked-moss_v39.svg,docs/handoff/brand/kit-v39/assets/wordmarks/time-tapestry-stacked-moss_v39.svg,0dff150e9235a359c3ffb664659702c15f45643f598c4fe42380508df40e9f68,8603,historical-v39-reference
01-Logos/Extended-v39-reference/wordmarks/time-tapestry-stacked-peach_v39.png,docs/handoff/brand/kit-v39/assets/wordmarks/time-tapestry-stacked-peach_v39.png,5fdcc5ded95ae81373dd8380683f91700b46ce0efcba46e76e6bfbeed7d76375,24642,historical-v39-reference
01-Logos/Extended-v39-reference/wordmarks/time-tapestry-stacked-peach_v39.svg,docs/handoff/brand/kit-v39/assets/wordmarks/time-tapestry-stacked-peach_v39.svg,a3a40af185fc6d4bcc147b677558f315b106d90526d189e3a8125a054bda87b2,8603,historical-v39-reference
01-Logos/Extended-v39-reference/wordmarks/time-tapestry-stacked-walnut_v39.png,docs/handoff/brand/kit-v39/assets/wordmarks/time-tapestry-stacked-walnut_v39.png,8c247b52c56ddb441e1e476619d135295e0051bcb15cf18364443135584c82ed,25582,historical-v39-reference
01-Logos/Extended-v39-reference/wordmarks/time-tapestry-stacked-walnut_v39.svg,docs/handoff/brand/kit-v39/assets/wordmarks/time-tapestry-stacked-walnut_v39.svg,af8b1e1719c2174a18e44874399b89657b038f4157984308de25158f913418cb,8603,historical-v39-reference
01-Logos/Extended-v39-reference/wordmarks/time-tapestry-stacked-white_v39.png,docs/handoff/brand/kit-v39/assets/wordmarks/time-tapestry-stacked-white_v39.png,936b5a69f82be5affaa28f070690ea37140506737c915ae63f805914eda9e65a,23378,historical-v39-reference
01-Logos/Extended-v39-reference/wordmarks/time-tapestry-stacked-white_v39.svg,docs/handoff/brand/kit-v39/assets/wordmarks/time-tapestry-stacked-white_v39.svg,7e82058eb0c2129006e624ea28dee50e2d4445ba4bc8739878e395011c9b9d31,8603,historical-v39-reference
01-Logos/Extended-v39-reference/README.md,Designer handoff note created 2026-10-06,cbd566b22aa2171778fde8bec476b1b2ce6c8ccd9ca1a3c85878167b2e623c13,804,handoff-instructions
02-Fonts/Quicksand/quicksand.ttf,docs/handoff/brand/kit-v39/source/quicksand.ttf,39c9b64223561f56aaff6062a6f04063c4fc86809ad6768722c06614d977e1cc,124824,licensed-font
02-Fonts/Quicksand/OFL-Quicksand-full-font.txt,docs/handoff/brand/kit-v39/source/quicksand-OFL.txt,14d28541780d90f6577bb7abcc6f005bf6969614294e75c82abb8758a696ad46,4445,licensed-font
02-Fonts/Quicksand/quicksand-print-medium-v1.ttf,public/brand/fonts/quicksand-print-medium-v1.ttf,d0508e7e90e712ad1cda65b0e0a3d2a7d92ef7b59f4f3a5fd4b29213fad6660e,43076,licensed-font
02-Fonts/Quicksand/quicksand-latin.woff2,public/brand/fonts/quicksand-latin.woff2,1b092c711df1c7ad200c2bc73305c792315ff882adbac925d79fb432bc0673c3,28336,licensed-font
02-Fonts/Quicksand/OFL-Quicksand-web-print.txt,public/brand/fonts/OFL-Quicksand.txt,14d28541780d90f6577bb7abcc6f005bf6969614294e75c82abb8758a696ad46,4445,licensed-font
02-Fonts/Manrope-historical-reference/manrope.ttf,docs/handoff/brand/kit-v39/source/manrope.ttf,3ae11c49db0455a3cc33e37d380f20fdb8c7f8b41dc07625c177e3d87a9d6ae6,164700,historical-licensed-font
02-Fonts/Manrope-historical-reference/OFL-Manrope.txt,docs/handoff/brand/kit-v39/source/manrope-OFL.txt,58172e0c0fac2cda8a37b348164bb55e44b0e69051e557e92b1d3f6910141f7b,4387,historical-licensed-font
02-Fonts/Noto-CJK-fallback/NotoSansCJKsc-Regular.otf,public/brand/fonts/NotoSansCJKsc-Regular.otf,2c76254f6fc379fddfce0a7e84fb5385bb135d3e399294f6eeb6680d0365b74b,16437364,licensed-font
02-Fonts/Noto-CJK-fallback/OFL-NotoSansCJK.txt,public/brand/fonts/OFL-NotoSansCJK.txt,6a73f9541c2de74158c0e7cf6b0a58ef774f5a780bf191f2d7ec9cc53efe2bf2,4301,licensed-font
02-Fonts/Noto-CJK-fallback/NOTO-SOURCE.txt,public/brand/fonts/NOTO-SOURCE.txt,8a455953b6a519ee02264626d1f08cb54f9bf5144dfc0247d25666a831f3f8b3,440,licensed-font
02-Fonts/README.md,Designer handoff note created 2026-10-06,b79f0771ddab53375112da5c01207292ff5ef3ba4a29aebf4d05c86075e77944,1009,handoff-instructions
03-Patterns/Approved-vector/approved-flowing-thread_v39.svg,public/brand/patterns/approved-flowing-thread_v39.svg,d2c0e0d02285a6959553943597f74eccf974a372b4585be87b57ce699cb20b15,6239,approved-vector-reference
03-Patterns/Approved-vector/approved-interlocking-pattern_v39.svg,public/brand/patterns/approved-interlocking-pattern_v39.svg,efec3634729b3df4b02fe6872d4c02c1f7c4af29e9893a0ba40062a6aafa2617,24029,approved-vector-reference
03-Patterns/App-artwork/time-tapestry-weave.svg,public/brand/time-tapestry-weave.svg,d2c0e0d02285a6959553943597f74eccf974a372b4585be87b57ce699cb20b15,6239,current-app-artwork
03-Patterns/App-artwork/time-tapestry-weave.png,public/brand/time-tapestry-weave.png,7c1fcba5a3c3ff657b650dfb31f69a30177261ccbb6e89da1436e4a5de7e41bb,45810,current-app-artwork
03-Patterns/App-artwork/time-tapestry-weave-print-v2.png,public/brand/time-tapestry-weave-print-v2.png,f200b0a334c726f769a88efed60846c5c8cbd4a69413c332722658e7319e0e4e,163779,current-app-artwork
03-Patterns/App-artwork/time-tapestry-ribbon.svg,public/brand/time-tapestry-ribbon.svg,efec3634729b3df4b02fe6872d4c02c1f7c4af29e9893a0ba40062a6aafa2617,24029,current-app-artwork
03-Patterns/App-artwork/time-tapestry-ribbon.png,public/brand/time-tapestry-ribbon.png,d32912753b216c9172a8731ee319af63cdf2430ce6a0157ab03de3011e704d61,93978,current-app-artwork
03-Patterns/App-artwork/time-tapestry-ribbon-print-v1.png,public/brand/time-tapestry-ribbon-print-v1.png,5d8e8befe7d8b01a3fd7274a8356f6404395ac93e18d16378dacabf18f44501d,325314,current-app-artwork
03-Patterns/App-artwork/time-tapestry-quiet-flowing-thread-v41.png,public/brand/time-tapestry-quiet-flowing-thread-v41.png,42fdc3656624e0ad44d446453e3d6cd9e464431cd6986c7140acda9f7e8c036d,152428,current-app-artwork
03-Patterns/App-artwork/woven-hero-cloth.svg,public/brand/woven-hero-cloth.svg,b05169e24c4f90fd6a0302c91af25614eff5a7bb310b303ca559b374def6b442,35631,current-app-artwork
03-Patterns/Historical-v39-gradients/gradient-circle-moss-white_v39.png,docs/handoff/brand/kit-v39/assets/gradients/gradient-circle-moss-white_v39.png,ccc971b7dfe2542ca34a4d3241a567e8a28293531a5a15ae35354b2075adc484,461122,historical-color-reference
03-Patterns/Historical-v39-gradients/gradient-circle-moss-white_v39.svg,docs/handoff/brand/kit-v39/assets/gradients/gradient-circle-moss-white_v39.svg,e16869ce08818760ccc431e20f9ce43abcd21eb491cd3c1b37402cbe301fd7ec,704,historical-color-reference
03-Patterns/Historical-v39-gradients/gradient-circle-peach-moss_v39.png,docs/handoff/brand/kit-v39/assets/gradients/gradient-circle-peach-moss_v39.png,26afcdc3ef9c32cf68554a1934b35adb8632ddb8c0af818dde38b46341d9386b,608733,historical-color-reference
03-Patterns/Historical-v39-gradients/gradient-circle-peach-moss_v39.svg,docs/handoff/brand/kit-v39/assets/gradients/gradient-circle-peach-moss_v39.svg,1c9b4230b736ed484b82d37c1e81c6988a094f432653d4156e692923a0352239,704,historical-color-reference
03-Patterns/Historical-v39-gradients/gradient-circle-peach-white_v39.png,docs/handoff/brand/kit-v39/assets/gradients/gradient-circle-peach-white_v39.png,2c0514bbb6c78239805d87450dca475bec9ee425cb9843a7ffb9723142d4638c,443887,historical-color-reference
03-Patterns/Historical-v39-gradients/gradient-circle-peach-white_v39.svg,docs/handoff/brand/kit-v39/assets/gradients/gradient-circle-peach-white_v39.svg,7551220e5d0ce1b4f375439f06cdd2c1ed743405273578b35c7aa7df537d2fd6,704,historical-color-reference
03-Patterns/README.md,Designer handoff note created 2026-10-06,dd296ee2c1d224f0231954be07673364245cb106933fea8c7fe32f70e0cb41ff,712,handoff-instructions
04-Postcards/Current-review/README.md,review/2026-10-06-postcard-designs-v1/README.md,6325f166e1422106b6624c0df7aaa06f580596c6c93109d98a9bfcfca1c90c01,1181,current-renderer-fictional-proof
04-Postcards/Current-review/index.html,review/2026-10-06-postcard-designs-v1/index.html,f3c9e43c0cf271a9471c7df451d44d88217e6742b31cc06d7323197f4ce63429,3177,current-renderer-fictional-proof
04-Postcards/Current-review/manifest.json,review/2026-10-06-postcard-designs-v1/manifest.json,9de52f3a5f40d0d770130f120b22fc6e74cdf0e7b5146813a2dac8ef76473fee,3434,current-renderer-fictional-proof
04-Postcards/Current-review/postcard-1-back.html,review/2026-10-06-postcard-designs-v1/postcard-1-back.html,db5c5cc410ef9598a1c00a984a9787fea3c0909c263c24ec3fad59f5641b2d68,109923,current-renderer-fictional-proof
04-Postcards/Current-review/postcard-1-back.png,review/2026-10-06-postcard-designs-v1/postcard-1-back.png,92fb2691b1b3793a1e26779de9f540eef2f9e2f40a8f8f980cb66ec4fda40e26,122134,current-renderer-fictional-proof
04-Postcards/Current-review/postcard-1-front.html,review/2026-10-06-postcard-designs-v1/postcard-1-front.html,611e454cfdcbc3666e34f873f8b41971a1d416d2ed37ed74e605e7f188fe3dfb,297465,current-renderer-fictional-proof
04-Postcards/Current-review/postcard-1-front.png,review/2026-10-06-postcard-designs-v1/postcard-1-front.png,f595f608b3d01177f13b507e7a23222d6a182393f185db51dea9cfd0e7f8b6b5,290762,current-renderer-fictional-proof
04-Postcards/Current-review/postcard-1-pair.png,review/2026-10-06-postcard-designs-v1/postcard-1-pair.png,59198e79b6ed73d03c1af5063dbd769eff19845c737da4e670978aa5dcee3a98,184336,current-renderer-fictional-proof
04-Postcards/Current-review/postcard-2-back.html,review/2026-10-06-postcard-designs-v1/postcard-2-back.html,561ca7dbb14e84cb0d0f2d0896421f6ce68c7c2d6a9f30f02843baaad2297d97,109872,current-renderer-fictional-proof
04-Postcards/Current-review/postcard-2-back.png,review/2026-10-06-postcard-designs-v1/postcard-2-back.png,5292a2fe250335c05406b5e231449224283486624e0d4bcaeebaea1c07c6e277,123524,current-renderer-fictional-proof
04-Postcards/Current-review/postcard-2-front.html,review/2026-10-06-postcard-designs-v1/postcard-2-front.html,611e454cfdcbc3666e34f873f8b41971a1d416d2ed37ed74e605e7f188fe3dfb,297465,current-renderer-fictional-proof
04-Postcards/Current-review/postcard-2-front.png,review/2026-10-06-postcard-designs-v1/postcard-2-front.png,f595f608b3d01177f13b507e7a23222d6a182393f185db51dea9cfd0e7f8b6b5,290762,current-renderer-fictional-proof
04-Postcards/Current-review/postcard-2-pair.png,review/2026-10-06-postcard-designs-v1/postcard-2-pair.png,25e247b045e66fca0ce0f3f5fd33838c0f8f6dba4db4d5dc7bbbd86d95b2c7ef,183146,current-renderer-fictional-proof
04-Postcards/Current-review/postcard-3-back.html,review/2026-10-06-postcard-designs-v1/postcard-3-back.html,ac8b63abf16493f0fbd1c43f40562d6bb71925bf94843d33bcd128dffc2ddeaf,109845,current-renderer-fictional-proof
04-Postcards/Current-review/postcard-3-back.png,review/2026-10-06-postcard-designs-v1/postcard-3-back.png,6c514966a6d6af6c3822ac92d7527832520569a1d741595f5c6e4f021fc138eb,122495,current-renderer-fictional-proof
04-Postcards/Current-review/postcard-3-front.html,review/2026-10-06-postcard-designs-v1/postcard-3-front.html,611e454cfdcbc3666e34f873f8b41971a1d416d2ed37ed74e605e7f188fe3dfb,297465,current-renderer-fictional-proof
04-Postcards/Current-review/postcard-3-front.png,review/2026-10-06-postcard-designs-v1/postcard-3-front.png,f595f608b3d01177f13b507e7a23222d6a182393f185db51dea9cfd0e7f8b6b5,290762,current-renderer-fictional-proof
04-Postcards/Current-review/postcard-3-pair.png,review/2026-10-06-postcard-designs-v1/postcard-3-pair.png,a174237a9310cb7d0c06d43b94b0aa9135c29990940be51fe0431d60c77d3762,184716,current-renderer-fictional-proof
04-Postcards/Current-review/postcard-4-back.html,review/2026-10-06-postcard-designs-v1/postcard-4-back.html,5a66bc09c6d2d4ad3cdd0345c9c460ddc5aed4cbfe3b2fa00e17332f1950b5f3,109808,current-renderer-fictional-proof
04-Postcards/Current-review/postcard-4-back.png,review/2026-10-06-postcard-designs-v1/postcard-4-back.png,b8c9e9556ce8a5a666c2627f8fcdbcdb927ead97fe7b58f725f23e2eed0db2a0,125493,current-renderer-fictional-proof
04-Postcards/Current-review/postcard-4-front.html,review/2026-10-06-postcard-designs-v1/postcard-4-front.html,611e454cfdcbc3666e34f873f8b41971a1d416d2ed37ed74e605e7f188fe3dfb,297465,current-renderer-fictional-proof
04-Postcards/Current-review/postcard-4-front.png,review/2026-10-06-postcard-designs-v1/postcard-4-front.png,f595f608b3d01177f13b507e7a23222d6a182393f185db51dea9cfd0e7f8b6b5,290762,current-renderer-fictional-proof
04-Postcards/Current-review/postcard-4-pair.png,review/2026-10-06-postcard-designs-v1/postcard-4-pair.png,10cd8b3e2fdf3fad63722a19cb2b1b0b35229b76d315f916b41da4b5c43199bd,185892,current-renderer-fictional-proof
04-Postcards/Current-review/time-tapestry-four-postcards-front-and-back_v1.pdf,review/2026-10-06-postcard-designs-v1/time-tapestry-four-postcards-front-and-back_v1.pdf,4ceddec821c792354f2455d5f34b1f0154979a1f6be99ee52fb65a0a310acb71,919257,current-renderer-fictional-proof
04-Postcards/Earlier-full-repeat-reference/postcard-repeat-v5-front-back.jpg,docs/brand/evidence/postcard-repeat-v5-front-back.jpg,02c42200162974c4acee42fad84cfb1af94c0d3bc2c9e268ab9d9e1f838b4956,45571,earlier-approved-repeat-reference
04-Postcards/Earlier-full-repeat-reference/postcard-repeat-v5-website.jpg,docs/brand/evidence/postcard-repeat-v5-website.jpg,f9cd77a58ec8affcc53e9e1e5f569ce138391be39d4fc8a1a321b20b6dde9c08,55949,earlier-approved-repeat-reference
04-Postcards/Earlier-full-repeat-reference/ORIGINAL-DESIGN-NOTE-v5.md,docs/brand/POSTCARD_DESIGN_v5.md,e00dda6f15eacc05df9b0d2f5949a84e6be0faa508eeeacf454063ff43b025b1,2938,historical-design-record
04-Postcards/README.md,Designer handoff note created 2026-10-06,4b471ed55e9b73146d0d996dc858a63bbdd2caf2c39e11a0f59f0eb8777c7881,1293,handoff-instructions
05-Motion/Production-closer/film-closer-v2.mp4,public/brand/film-closer-v2.mp4,dd980faf62de687afbec77a871bde6d1cec6a78f529a501586ef3ba6ab3655f9,273028,current-production-closer
05-Motion/Joining-hands-review/Time-Tapestry-Joining-Hands-v3.mp4,docs/handoff/brand/motion-previews/Time-Tapestry-Joining-Hands-v3.mp4,f492b79f1aa5c8945510c9f424d01b4e59ec610d104ef35cc89124411a159725,325736,review-motion-not-production
05-Motion/Joining-hands-review/editable-source/video/brand/joining-hands-v3/JoiningHands.tsx,video/brand/joining-hands-v3/JoiningHands.tsx,1ae36b3a0db3d90e948925b6964c6980096d1eec367e57caa59429735a4d8afd,851,review-editable-source
05-Motion/Joining-hands-review/editable-source/video/brand/joining-hands-v3/README.md,video/brand/joining-hands-v3/README.md,822006e559ae00cc1b53eb2f42f8a49ed4f35b52c856fe748555e03a74b3380c,2331,review-editable-source
05-Motion/Joining-hands-review/editable-source/video/brand/joining-hands-v3/entry.tsx,video/brand/joining-hands-v3/entry.tsx,6e47fdcca741ebf69bea524ab6dd2af306b62d9aede1442c36dd5d2280722bfe,120,review-editable-source
05-Motion/Joining-hands-review/editable-source/video/brand/joining-hands-v3/motion.mjs,video/brand/joining-hands-v3/motion.mjs,cc3eb1e35248372123dbffdbe09c23573318a57d2530da18eb7c3a75bbec69ae,1039,review-editable-source
05-Motion/Joining-hands-review/editable-source/video/brand/joining-hands-v3/render.mjs,video/brand/joining-hands-v3/render.mjs,2381673c5b5440f0f127d9c28335ad050964d6fd81d95959341d32be0d86b0bf,910,review-editable-source
05-Motion/Joining-hands-review/editable-source/video/brand/joining-hands-v3/scene.d.mts,video/brand/joining-hands-v3/scene.d.mts,59076a762cc53381728a9ea70eb39d49967132733b243103f821b4a7ed7c28ce,145,review-editable-source
05-Motion/Joining-hands-review/editable-source/video/brand/joining-hands-v3/scene.mjs,video/brand/joining-hands-v3/scene.mjs,42d1ba55a7c7816397e23862abe7ebb74179825dadff157acd3d0b032f404c7e,2962,review-editable-source
05-Motion/Joining-hands-review/editable-source/video/brand/joining-hands-v4/JoiningHands.tsx,video/brand/joining-hands-v4/JoiningHands.tsx,14858cf3f417120fd41b8180a3f914da685a7725d8832fed200928b00e184499,1141,review-editable-source
05-Motion/Joining-hands-review/editable-source/video/brand/joining-hands-v4/README.md,video/brand/joining-hands-v4/README.md,6267ef703edecf273475cb19d459f532d83eb7905caf6325e0b48bdfa80638af,2364,review-editable-source
05-Motion/Joining-hands-review/editable-source/video/brand/joining-hands-v4/entry.tsx,video/brand/joining-hands-v4/entry.tsx,6e47fdcca741ebf69bea524ab6dd2af306b62d9aede1442c36dd5d2280722bfe,120,review-editable-source
05-Motion/Joining-hands-review/editable-source/video/brand/joining-hands-v4/motion.mjs,video/brand/joining-hands-v4/motion.mjs,001e282189c02064fbd9b6ee1403fdb7684cc6a44ed0a283bc431238fa9e90e5,1279,review-editable-source
05-Motion/Joining-hands-review/editable-source/video/brand/joining-hands-v4/scene.d.mts,video/brand/joining-hands-v4/scene.d.mts,59076a762cc53381728a9ea70eb39d49967132733b243103f821b4a7ed7c28ce,145,review-editable-source
05-Motion/Joining-hands-review/editable-source/video/brand/joining-hands-v4/scene.mjs,video/brand/joining-hands-v4/scene.mjs,ba7c2d393d7bc936e44021f5efc5dc09c10ebd9b2e01bd38a32010aa2418a5c3,2964,review-editable-source
05-Motion/Joining-hands-review/editable-source/video/brand/woven-logo-v1/artwork.mjs,video/brand/woven-logo-v1/artwork.mjs,43fee2ee879876bb40b033537d3066a5899ca00888a45211a83388ee96a764f3,16791,required-approved-artwork-dependency-only
05-Motion/Joining-hands-review/editable-source/public/brand/fonts/quicksand-latin.woff2,public/brand/fonts/quicksand-latin.woff2,1b092c711df1c7ad200c2bc73305c792315ff882adbac925d79fb432bc0673c3,28336,motion-font-dependency
05-Motion/Joining-hands-review/editable-source/public/brand/fonts/OFL-Quicksand.txt,public/brand/fonts/OFL-Quicksand.txt,14d28541780d90f6577bb7abcc6f005bf6969614294e75c82abb8758a696ad46,4445,motion-font-license
05-Motion/README.md,Designer handoff note created 2026-10-06,d30ccc44f14397dbe843801f16bcf1c39c7a609b0f2fcceccbcf7efa15c8ae1d,1963,handoff-instructions
06-Source-reference/App/src/lib/brand-art.ts,src/lib/brand-art.ts,2e25916665ecdaf15ec43836c47db1c410d5ccec44ed6cf79306521af4020e06,10440,current-source-reference
06-Source-reference/App/src/lib/brand-patterns.ts,src/lib/brand-patterns.ts,307234ce85c89c27865247214327d2dc055028b288f555c151e61134b5362827,30425,current-source-reference
06-Source-reference/App/src/lib/collection/postcard-design.ts,src/lib/collection/postcard-design.ts,bd5f62559976162441740372b3dbd89958e420e02b06128b7577c081bbef1c76,7304,current-source-reference
06-Source-reference/App/src/lib/collection/postcard-artwork.ts,src/lib/collection/postcard-artwork.ts,3cb55e912917ad84808d0e3abf900a6863d0bf84c0728cd0395b3945225ab2fa,1740,current-source-reference
06-Source-reference/App/src/lib/collection/postcard-format.ts,src/lib/collection/postcard-format.ts,8bcdce19b291290be29fa8a6fe71fe752400c4f10976598093b3bc366a88d73f,1734,current-source-reference
06-Source-reference/App/src/lib/collection/postcard-print-assets.ts,src/lib/collection/postcard-print-assets.ts,ef68c3db204a23d40559b44b7ac3eab43c231f8b51402ab8dafaa340bfb28510,1309,current-source-reference
06-Source-reference/App/src/lib/collection/postcard-font-metrics.json,src/lib/collection/postcard-font-metrics.json,2a0b8b498452c2214f031e611bea4076ae34e80448113640f558a599a95c32b1,3818,current-source-reference
06-Source-reference/App/src/app/layout.tsx,src/app/layout.tsx,bd8d22ba3501c33378030069aa2e83fbd6c270bbb2e022c26241b9e3894a97a3,1084,current-source-reference
06-Source-reference/App/src/app/globals.css,src/app/globals.css,e7f4600e49c367c5bb53a79fa04fb4d44737298bbcac8df2b4fab4393f93a3d3,5834,current-source-reference
06-Source-reference/App/tailwind.config.ts,tailwind.config.ts,a64a95c4e52f366ba0a15629cb73e95efa90a837f6438f18754dad55773afe0f,2676,current-source-reference
06-Source-reference/App/scripts/export-brand.ts,scripts/export-brand.ts,19477a79f828245bbcddcc890715110ef9a968a73335f4ed136d4234bf820272,1212,current-source-reference
06-Source-reference/App/scripts/export-postcard-pattern.ts,scripts/export-postcard-pattern.ts,c8709485cc8126f73eac093de4fe9e42841838973965390fef487c50a4bfb4b2,590,current-source-reference
06-Source-reference/App/scripts/export-postcard-font.py,scripts/export-postcard-font.py,22793a8393fafda5befce262450b4d0b8cc6dda0f8d8f096e11a749637b5d962,7167,current-source-reference
06-Source-reference/App/package.json,package.json,ec700691face53aae7da20ca3c2e22ac12d51a4d4cec1b2bd76e20745b7bde5f,2237,current-source-reference
06-Source-reference/Archive-v39/source/source-lock_v39.md,../brand-kit_v39/source/source-lock_v39.md,084cc1b9f82942d7fbaa32cda867f1f540120da64df0c4a9d37660220af7a18e,976,historical-kit-provenance
06-Source-reference/Archive-v39/README.md,../brand-kit_v39/README.md,70587d17f5461ec24d548fa85d846bb961f09e6254391e7ab355844045859f7d,2569,historical-kit-provenance
06-Source-reference/Archive-v39/color-tokens_v39.json,docs/handoff/brand/kit-v39/source/color-tokens_v39.json,3c5acdbccceca5f31f4863361b250d7177a2d577a02c257d8f00bd19d7aeecb9,115,historical-v39-colors
06-Source-reference/Archive-v39/presentation/Time_Tapestry_Asset_Sheet_v39.pdf,docs/handoff/brand/kit-v39/presentation/Time_Tapestry_Asset_Sheet_v39.pdf,c8a35e876ccce87b51c7cc4f8ddfd9f69d1d237c7da439f4515a4ad658a8a104,279442,historical-v39-presentation
06-Source-reference/Archive-v39/presentation/Time_Tapestry_Brand_Presentation_v39.pptx,docs/handoff/brand/kit-v39/presentation/Time_Tapestry_Brand_Presentation_v39.pptx,c72d16d0e4863c35312fedb27cb9820d3936a70a2b5c388db39fe4b5e1167b63,3121205,historical-v39-presentation
06-Source-reference/README.md,Designer handoff note created 2026-10-06,2ebef9e7fb90142796e447af7b29a667f66ae08c206b1c3580cd3c817fd12f73,1054,handoff-instructions
02-Fonts/Inter/Inter-variable.ttf,"https://raw.githubusercontent.com/google/fonts/main/ofl/inter/Inter%5Bopsz,wght%5D.ttf",29160a80ff49ddcab2c97711247e08b1fab27a484a329ce8b813d820dc559031,876576,licensed-font-downloaded-from-official-google-fonts
02-Fonts/Inter/OFL.txt,https://raw.githubusercontent.com/google/fonts/main/ofl/inter/OFL.txt,5b9321a4298cfeb6b34354164a1c3afc3db114569984c502b9b35d988fd58c57,4377,font-license-official-google-fonts
02-Fonts/Inter/SOURCE.txt,Official-source and checksum note created by root agent,ed7bb5b78f1a10395035fadeee48b736cf706770df3a8bb3b05c70a06fa22ea1,582,font-provenance-note
